step,count,probability
1,198,0.495049505
2,47,0.1188118812
3,79,0.198019802
4,40,0.099009901
5,16,0.0396039604
6,4,0.0099009901
7,8,0.0198019802
8,8,0.0198019802
